timestamp,commit,benchmark,monoruby_ms,yjit_ms,ratio,monoruby_failed,yjit_failed,monoruby_reason,yjit_reason
2026-08-19T10:06:50Z,f09debf,30k_ifelse,382.2430,136.8630,0.3581,false,false,,
2026-08-19T10:06:50Z,f09debf,30k_methods,202.7070,92.4700,0.4562,false,false,,
2026-08-19T10:06:50Z,f09debf,activerecord,,69.6755,,true,false,"exit 1",
2026-08-19T10:06:50Z,f09debf,addressable-equality,491.8290,304.8000,0.6197,false,false,,
2026-08-19T10:06:50Z,f09debf,addressable-getters,108.5090,76.2085,0.7023,false,false,,
2026-08-19T10:06:50Z,f09debf,addressable-join,227.7500,150.1890,0.6594,false,false,,
2026-08-19T10:06:50Z,f09debf,addressable-merge,121.2180,66.6135,0.5495,false,false,,
2026-08-19T10:06:50Z,f09debf,addressable-new,55.6390,33.7910,0.6073,false,false,,
2026-08-19T10:06:50Z,f09debf,addressable-normalize,272.4425,207.1895,0.7605,false,false,,
2026-08-19T10:06:50Z,f09debf,addressable-parse,173.0300,128.3860,0.7420,false,false,,
2026-08-19T10:06:50Z,f09debf,addressable-setters,114.2460,64.6555,0.5659,false,false,,
2026-08-19T10:06:50Z,f09debf,addressable-to-s,124.9225,90.5770,0.7251,false,false,,
2026-08-19T10:06:50Z,f09debf,attr_accessor,6.9370,19.3780,2.7934,false,false,,
2026-08-19T10:06:50Z,f09debf,binarytrees,70.2420,156.4750,2.2277,false,false,,
2026-08-19T10:06:50Z,f09debf,blurhash,46.5180,109.4950,2.3538,false,false,,
2026-08-19T10:06:50Z,f09debf,cfunc_itself,1.9630,16.7185,8.5168,false,false,,
2026-08-19T10:06:50Z,f09debf,chunky-png,397.6060,317.0270,0.7973,false,false,,
2026-08-19T10:06:50Z,f09debf,erubi,196.8510,113.3160,0.5756,false,false,,
2026-08-19T10:06:50Z,f09debf,erubi-rails,,,,true,true,"exit 1","exit 1"
2026-08-19T10:06:50Z,f09debf,etanni,387.9850,223.7280,0.5766,false,false,,
2026-08-19T10:06:50Z,f09debf,fannkuchredux,41.5845,112.8410,2.7135,false,false,,
2026-08-19T10:06:50Z,f09debf,fib,29.7120,33.6185,1.1315,false,false,,
2026-08-19T10:06:50Z,f09debf,fluentd,,261.5270,,true,false,"exit 1",
2026-08-19T10:06:50Z,f09debf,gcbench,313.8310,545.7160,1.7389,false,false,,
2026-08-19T10:06:50Z,f09debf,getivar,6.3020,14.2925,2.2679,false,false,,
2026-08-19T10:06:50Z,f09debf,getivar-module,12.6240,62.3210,4.9367,false,false,,
2026-08-19T10:06:50Z,f09debf,graphql,33.6910,18.6880,0.5547,false,false,,
2026-08-19T10:06:50Z,f09debf,graphql-native,,161.1120,,true,false,"exit 1",
2026-08-19T10:06:50Z,f09debf,hexapdf,,,,true,true,"exit 1","timeout (400s)"
2026-08-19T10:06:50Z,f09debf,keyword_args,19.6990,23.9670,1.2167,false,false,,
2026-08-19T10:06:50Z,f09debf,knucleotide,87.8565,48.6990,0.5543,false,false,,
2026-08-19T10:06:50Z,f09debf,lee,390.3230,,,false,true,,"timeout (400s)"
2026-08-19T10:06:50Z,f09debf,liquid-c,,36.5690,,true,false,"exit 1",
2026-08-19T10:06:50Z,f09debf,liquid-compile,,30.2110,,true,false,"exit 1",
2026-08-19T10:06:50Z,f09debf,liquid-il,,148.8520,,true,false,"no result",
2026-08-19T10:06:50Z,f09debf,liquid-render,,49.1905,,true,false,"exit 1",
2026-08-19T10:06:50Z,f09debf,lobsters,,,,true,true,"exit 1","timeout (400s)"
2026-08-19T10:06:50Z,f09debf,loops-times,147.1575,251.9055,1.7118,false,false,,
2026-08-19T10:06:50Z,f09debf,mail,,65.5300,,true,false,"exit 1",
2026-08-19T10:06:50Z,f09debf,matmul,63.5990,192.3120,3.0238,false,false,,
2026-08-19T10:06:50Z,f09debf,nbody,10.7010,33.0225,3.0859,false,false,,
2026-08-19T10:06:50Z,f09debf,nqueens,16.6195,50.4120,3.0333,false,false,,
2026-08-19T10:06:50Z,f09debf,object-new,18.0630,51.9890,2.8782,false,false,,
2026-08-19T10:06:50Z,f09debf,object-new-initialize,16.5675,47.4560,2.8644,false,false,,
2026-08-19T10:06:50Z,f09debf,object-new-no-escape,29.5760,77.1140,2.6073,false,false,,
2026-08-19T10:06:50Z,f09debf,optcarrot,717.8800,,,false,true,,"timeout (400s)"
2026-08-19T10:06:50Z,f09debf,protoboeuf,27.6180,30.8490,1.1170,false,false,,
2026-08-19T10:06:50Z,f09debf,protoboeuf-encode,,48.6095,,true,false,"exit 1",
2026-08-19T10:06:50Z,f09debf,psych-load,,,,true,true,"timeout (400s)","timeout (400s)"
2026-08-19T10:06:50Z,f09debf,rack,51.6020,29.7335,0.5762,false,false,,
2026-08-19T10:06:50Z,f09debf,railsbench,,,,true,true,"exit 1","timeout (400s)"
2026-08-19T10:06:50Z,f09debf,respond_to,4.6045,14.5610,3.1623,false,false,,
2026-08-19T10:06:50Z,f09debf,rubocop,,,,true,true,"exit 1","exit 1"
2026-08-19T10:06:50Z,f09debf,ruby-json,,148.7610,,true,false,"exit 1",
2026-08-19T10:06:50Z,f09debf,ruby-lsp,,81.7900,,true,false,"exit 1",
2026-08-19T10:06:50Z,f09debf,ruby-xor,6.1985,21.7100,3.5025,false,false,,
2026-08-19T10:06:50Z,f09debf,rubyboy,,,,true,true,"exit 1","timeout (400s)"
2026-08-19T10:06:50Z,f09debf,rubykon,331.8240,387.9005,1.1690,false,false,,
2026-08-19T10:06:50Z,f09debf,send_bmethod,13.0860,8.6415,0.6604,false,false,,
2026-08-19T10:06:50Z,f09debf,send_cfunc_block,74.8250,104.5025,1.3966,false,false,,
2026-08-19T10:06:50Z,f09debf,send_rubyfunc_block,15.5070,22.4635,1.4486,false,false,,
2026-08-19T10:06:50Z,f09debf,send_rubyfunc_inline,58.9900,98.4330,1.6686,false,false,,
2026-08-19T10:06:50Z,f09debf,sequel,,36.5590,,true,false,"exit 1",
2026-08-19T10:06:50Z,f09debf,setivar,2.9470,9.3170,3.1615,false,false,,
2026-08-19T10:06:50Z,f09debf,setivar_object,4.5105,31.5700,6.9992,false,false,,
2026-08-19T10:06:50Z,f09debf,setivar_young,4.7560,31.0180,6.5219,false,false,,
2026-08-19T10:06:50Z,f09debf,shipit,,,,true,true,"exit 1","timeout (400s)"
2026-08-19T10:06:50Z,f09debf,splay,,,,true,true,"timeout (400s)","SIGKILL after timeout (400s)"
2026-08-19T10:06:50Z,f09debf,str_concat,16.4495,27.4970,1.6716,false,false,,
2026-08-19T10:06:50Z,f09debf,string_malloc_pressure,3.2970,,,false,true,,"timeout (400s)"
2026-08-19T10:06:50Z,f09debf,structaref,6.4430,17.9865,2.7916,false,false,,
2026-08-19T10:06:50Z,f09debf,structaset,5.3140,55.8200,10.5043,false,false,,
2026-08-19T10:06:50Z,f09debf,sudoku,50.9360,128.3300,2.5194,false,false,,
2026-08-19T10:06:50Z,f09debf,throw,4.7130,12.8185,2.7198,false,false,,
2026-08-19T10:06:50Z,f09debf,tinygql,361.2250,194.1085,0.5374,false,false,,
