timestamp,commit,examples,pass,failures,errors,pass_rate
2026-05-08T10:41:47Z,1478ad7,21185,15415,2638,3132,72.76
2026-05-11T06:57:14Z,1478ad7,21185,15415,2638,3132,72.76
2026-05-18T07:13:55Z,1478ad7,21205,15423,2650,3132,72.73
2026-05-25T07:32:28Z,1478ad7,21205,15423,2650,3132,72.73
2026-06-01T08:51:32Z,1478ad7,20948,15227,2618,3103,72.69
2026-06-08T08:28:31Z,1478ad7,19887,14605,2508,2774,73.44
2026-06-15T09:40:52Z,1478ad7,19298,14178,2427,2693,73.47
2026-06-22T09:27:11Z,1478ad7,19298,14178,2427,2693,73.47
2026-06-29T08:31:39Z,1478ad7,19298,14178,2427,2693,73.47
2026-07-06T07:29:59Z,1478ad7,19298,14178,2427,2693,73.47
2026-07-13T06:36:37Z,1478ad7,19561,14330,2446,2785,73.26
2026-07-20T06:33:27Z,1478ad7,19574,14330,2446,2798,73.21
2026-07-27T06:46:10Z,1478ad7,19574,14330,2446,2798,73.21
